Name,Age,Location
Tyler Robertson,53,West Andreaview
Samantha Leonard,37,Alvaradofort
Keith Ball,43,South John
Paula Walker,48,North Craigland
Kathleen Torres,23,Stevenbury
Michael Johnson,42,North Jennifer
Elizabeth Lewis,19,Lake Jamie
Joseph Reed,26,East Christopher
Stephanie Allen,64,West Sarah
Darrell Vega,34,Woodardburgh
Michael Brown,61,Debbieshire
Timothy Carter,44,Christopherport
David Franklin,59,Lake Gregory
Jessica Nelson,64,Port Jeffrey
Grant Williams,28,West Maurice
Tiffany Ferrell,33,Danielleland
Regina Weber,22,Lake Jillfurt
Julie Kramer,33,Lake Robert
Michael Holloway,42,Belltown
Lori Allen,54,Gillespietown
Sarah Sutton,28,Lisaborough
James Woodward,30,New Kelly
Charles Schmidt,30,East Adam
Kenneth Martinez,21,North Stephanie
Ashlee Johnson,18,East Kelly
Anthony Fuentes,40,North Mirandaborough
Russell Swanson,19,Ashleymouth
Amanda Silva,22,East Jessica
Matthew Mcguire,22,Stevenhaven
Erica Glover,55,Kennethfort
Theresa Johnston,21,Morrisonmouth
Nathan Peterson,31,North Sarah
Justin Mullins,22,North Jamesstad
Ian Contreras,18,Lake Thomas
Amanda Turner,33,Gainesland
Sara Gonzalez,42,Johnsonstad
Randy Dickerson,52,New Theresaside
Tyler Hughes,32,Lauramouth
Adam Lawson,47,New Michaelborough
Brenda Perkins,22,Shawnashire
Tammy Garcia,29,Michellestad
Barbara Wilson,65,New Susanburgh
David Howell,24,North Megantown
Ashley Reynolds,61,East Gregoryside
Dana Smith,62,Christianburgh
Anna Jackson,60,Edwinland
Denise Munoz,30,Ashleyton
Renee Anthony,64,Richardfort
Dr. Jennifer Hill,40,North Tyler
Christian Beck,51,Thomaston
Nicholas Bailey,42,Kathleenfort
Kayla Sanders,34,North Debramouth
Jackie Hawkins,50,Port Brian
Catherine Schwartz,48,East Masonfort
Lori Bowers,42,Port Matthew
Edward Mitchell,41,Wardmouth
Marissa Juarez,43,West Robert
Lindsey Fields,46,New Stephaniestad
John Rodriguez,32,West Lisaview
Danielle Harris,51,Clinehaven
Joseph Bray,40,Dawsonfurt
Sonia Miller,20,Port Jeffrey
Tammy Raymond,31,Barberburgh
Cheyenne Hunt,42,Pamelaburgh
John Morales PhD,57,Masseyborough
Linda Mathis,46,Port Gabrielton
Jennifer Hernandez,47,West Lisa
Marissa Kirby,29,West Douglasside
Christopher Vincent,25,West Melanieton
Fred Allen,39,Annfort
Brian Shaffer,31,Ryanborough
Michael Carter,29,South Richard
Elizabeth Booth,52,Tanyaburgh
Maria Love,39,Norrisside
Stacie Martinez,54,Amandatown
Theodore Lozano,31,Michaelmouth
Rebecca Hart,39,Danielmouth
Judy Chandler,49,New Madison
Stephen Mayo,45,Lake Kyle
Jeffery Harris MD,65,West Rileymouth
Lisa Byrd,29,Tracyview
Melody Parker,43,Sarahville
Wendy Schmidt,52,Donaldville
Leah Brown,32,Rojasmouth
Gloria Padilla,58,South Katherinetown
Katherine Martinez,34,Hollyland
Denise Johnson,36,Huntville
Sherri Rodriguez,31,Haleychester
Melanie Mcguire,21,Bishopstad
Melissa Villarreal,41,New Nathan
Jeremy Garrison,49,West Aprilton
John Hernandez,20,Patriciamouth
Rachel Wheeler,47,East Ronald
Jessica Richard,42,Graymouth
Timothy Johnson,59,Port Pamela
Dominic Meyer PhD,28,Meganberg
Angelica Moreno,31,Nelsonchester
Charles Jensen,52,Heatherland
Pamela Jenkins,23,Adamstad
Heidi Medina,38,West Lydia
Steve Clark,61,Lake Rachel
Mark Keller,57,Port Deniseborough
Mark Clark,24,Dicksontown
Charles Robinson,41,Codyfurt
Caroline Owens,38,Lambertmouth
Dawn Curry,58,Lake Stephaniemouth
Erika Holmes,36,Thompsonmouth
Catherine White MD,48,Port Christinehaven
Jeremy Hall,36,Maureenburgh
Janice Guzman,55,Sarahton
Cassandra Townsend,47,Myersberg
Nancy Bolton,43,Ericfurt
Russell Rose,45,South Davidport
Monica Kelley,42,Lake Rachel
Jacob Dalton,64,West Jasonport
Diana Lee,18,Murphyland
Sarah Gilbert,43,Simston
Caroline Johnson,41,Sandratown
Kimberly Mitchell,55,Port Tylerhaven
Edward Frederick,28,North Bryan
Joshua Espinoza,46,Troyville
Joseph Ruiz,30,Lake Paul
Brooke Cook,31,Port Paul
Theresa Evans,42,Lewisville
Frank Russo,62,Gonzaleschester
Michael Zavala,42,Amandabury
Alexander Morgan,46,Port Rickport
Brian Pennington,48,Hollyside
Elizabeth Rivas,60,Traviston
Matthew Hodges,62,Haynesland
Stacey Howard,49,Wendyberg
Frances Kelly,32,Christopherhaven
Teresa Nelson,53,Knoxberg
Donald Jordan,35,South James
Chris Ray,19,Dariusville
David Aguilar,44,Boydhaven
Jeanette White,61,New Chadburgh
Gary Medina,58,East Prestonbury
Keith Gibson,38,Port Johnland
Heather Hancock,37,Lindseystad
Annette Mills,39,Courtneyberg
Sonya Ford,59,Pricefurt
James Bass,57,New Jennifershire
Katherine Hill,60,Lake Elizabethchester
Joseph Drake,45,North Tina
Dillon Jones,52,Pageborough
Carly Martin,23,North Kaylabury
Scott Barton,43,Wardland
Susan Sloan,62,North Jeffrey
Carrie Palmer,59,East Michael
Shane Lane,59,Ashleyburgh
Jeffrey Lawson,20,West Leslieside
Angie Howard,42,East Jared
Cameron Brown,60,West Teresamouth
Felicia Rodriguez,46,Millermouth
Jacob Sparks,41,West Jamesmouth
Jasmine Barnes,64,Lake Danielland
Jaime Robinson,40,North Caitlyn
Mrs. Anna Martin,20,Millerburgh
Robert Scott,26,East Hollyport
Michael Garcia,45,Jamieburgh
Ann Scott,53,Michelleville
Linda Lopez,65,South Karenmouth
Robert Johns,41,East Joseph
Kimberly Carson,31,Normaton
Diana Williams,34,Carlosburgh
Mary Jordan,56,Port Charles
Patrick Kirby,29,Kimberlyside
Stephanie Martin,52,Port Patricia
Rachel Aguilar,47,Martinezport
Bradley Brown,45,North Kennethmouth
Benjamin Owens,60,Port Jared
Michelle Farrell,60,Royville
Alexis Bennett,63,Bellchester
Michael Hendricks,22,Carrieside
Larry Smith,44,Bradymouth
Angela Brown,30,Robertsburgh
Jason Bates,25,Heatherton
Kimberly Johnson,38,Christensenburgh
Victor Acevedo,37,Lake William
Chad Sherman,58,Lake Rebekah
Stephanie Moore,21,New Susanport
Kimberly Mitchell,32,North Jason
Sarah Barry MD,44,Lake Joshua
Andrea Pratt,60,Ruthbury
Richard Watson,64,Morganfort
Steven Santiago,27,Cherryshire
Alexander Crane,36,Clarkberg
Thomas Soto II,37,Eduardomouth
Carla Martin,36,Lake Christinabury
Lisa Moran,38,South Richard
Kevin Mccoy,31,Travisshire
Tabitha Robinson,29,Port Michellefurt
Brandon Barrett,28,Lake Kevinville
Kenneth Hobbs,40,North Jacob
Deborah Burnett,26,Leslietown
Patricia Ortega,28,Carrstad
John Stone,54,East Daniel
Laura Shaffer,34,Maryburgh
William Dixon,25,Floydshire
Amanda Johnson,48,Jeffreyside
Bryce Williams,20,Martintown
Mr. Justin Shepherd,65,Vasquezport
Mr. Tommy Rivera,57,New Jasonbury
Jennifer Wilson,27,Sandyfort
Linda Huang,25,Irwinborough
Steve Roberts,42,Kristineside
Breanna Wilson,36,Tammyside
Jacqueline Cowan,19,North Zacharyfort
Brett Mosley,61,Port Jill
Carla Obrien,52,Tylerfurt
Mary Singleton,54,Vanessatown
Sarah Atkins,53,South Angelicafurt
Kelli Reynolds,46,Lisafort
Erin Landry,46,Hernandezchester
Melissa Harris,40,Port David
Emma Lutz,26,Lake Bradleybury
Marvin Cruz,44,North Robert
Jessica Clark,48,Lake Gina
Michael Hall,52,Gilbertchester
Melissa Jones,34,West Shelby
Ariel Schneider,47,West Paul
Brenda Nichols,24,Davidburgh
Anthony Chen,65,Garyton
Diane Coleman,25,Carrietown
Bruce Ellis,27,Nicolechester
Kyle Cooper,44,Thomasstad
Jonathan Chambers,48,Nielsenbury
Alexander Matthews,42,Lake Michael
Ronnie Moore,64,Port Roger
Cynthia Johnson,42,Johnsonport
Tara Cooper,45,Port Joseph
Scott Hill,29,Port Cindy
Kevin Love,56,North Christyville
Brandon Long,45,Lake James
Sophia Davies,47,Burkeburgh
Michelle Aguilar,53,Reynoldsmouth
Mrs. Kathy Pearson,64,West Laurenville
Alan Wilson,49,Williamston
Thomas Lynn,64,New Sharonbury
Victor Stewart,38,Veronicachester
Kerri Bradford,28,Howardstad
Nicole Martin,35,Yangfort
Christopher Villa,65,South Thomas
Lisa Norris,21,Cynthiaburgh
Aaron Smith,37,East Ian
Andrew Willis,19,East Charlesborough
Joanne French,53,North Joshua
Amy Olsen,64,Murrayview
Michelle Castillo,31,Bobbychester
Valerie Lopez,44,West Randyfurt
Travis Thomas,46,East Douglas
Becky Roy,40,Stephenside
Angela Kelly,20,Hawkinsmouth
Larry Williams,20,North Samantha
Shirley Scott,63,West Nicholas
David Osborne,28,Port Brooke
Paul Tapia Jr.,61,Limouth
Kathryn Carroll,46,Garnerland
Bethany Snow,48,East Danielmouth
Leah Warren,41,Port Raymondport
Randall Frost,38,Shelleyburgh
Joann Lopez,59,Philipland
Kristin Rice,44,Guzmanshire
Denise Walters,59,East Austin
Sandra Torres,29,North Johnberg
Caleb Jones,20,Moorestad
Christopher Baker,39,Mooreton
Jennifer Barrett,26,West Brianfurt
Mitchell Dean,35,Anthonyfort
Jennifer Bass,32,Benjaminland
Diana Bryant MD,55,Port Charles
Janet Werner,34,Dawnfort
James King,46,Goodwinshire
John Johnson,19,Merrittville
Rodney Davis,21,West Brian
Debbie Brewer,44,Ramirezstad
John Russell,25,Daniellehaven
Kristi Arnold,52,Josefort
Lisa Long,46,New Richard
Ronald Kim,57,East Davidborough
William Rivas,57,Jacquelinefurt
Michelle Weiss,61,Jasontown
Christopher Mendez,28,Kevinfort
Patricia Mcbride,58,Bridgetmouth
Peter Burns,24,Ballardside
Kelsey Andrews,26,Pamelaborough
Brittany Rodriguez,54,South Alexis
Susan Giles,34,Jamesview
William Phillips,27,Lake Antonio
Shirley Fuller,46,West Susanside
Brittany Noble,64,Barnesfurt
Jay Johnson,64,New Daniel
Jason Rodriguez,35,Port Daniel
Kristina Rodriguez,32,North Teresa
Michelle Hansen,52,South Harold
Stephanie Fox,63,Melissahaven
Diane Guzman,51,Bennettstad
Peter Walsh,59,Erinhaven
Justin Hernandez,39,Fullermouth
Rachel Jennings,32,Port Reginatown
Jose Bradley,35,Maryside
William Campbell,45,Boothburgh
Jonathan Mcneil,23,Port Aaronchester
Kimberly Baker,31,New Kennethfort
Elizabeth Crawford,48,Yangville
Jennifer Cole,52,Dixonfort
John Nelson,48,New Megan
Mark Cook,52,North Virginiamouth
Dalton Daniel,43,North Elizabeth
Kristina Henson,19,East Keithberg
Christine Barron MD,23,Port Kristafort
Lisa Dickerson,44,Guerreroland
Anthony Hines,31,New John
Jillian Kerr,27,East Christinestad
Courtney Hernandez,26,Erinview
Jenna Hubbard,62,Russoburgh
Jennifer Garza,23,Aguirreside
Christopher Cabrera,60,Collinsmouth
Jordan Wright,61,Gutierrezchester
Kim Mitchell,61,Landryberg
Joan Curtis,21,East Zacharyside
Teresa Morse,27,New Mariah
Nicole Lewis,58,South Peter
Laura Leach,30,West Kaitlynburgh
Christopher Hanson,36,Kristenhaven
Melinda Watson,62,Pattersonborough
Ernest Smith,26,Reneeland
Andrew Hall,37,Wilsonhaven
Jesus Beck,28,Lynchshire
Thomas Davila MD,28,Jocelynhaven
Mr. Brandon Reyes,55,New Jason
Thomas Galvan,34,Vanessaburgh
Selena Ross,42,Cervantesmouth
Molly Morgan,51,Henryton
Sherry Diaz,49,Scotthaven
Jordan Haas,30,Jessemouth
Jennifer Rogers,42,East Antonio
Julia Pena,23,Bruceborough
Sandra Acosta,47,New Lynnchester
Alison Stevens,41,West Allisonborough
Mark Hale,23,East Lindsayborough
Ethan Fuller,29,Timmouth
Carol Ramirez,40,Abbottborough
Jordan Bates,21,Lake Kathryn
Matthew Johnson,53,East Stephanieville
Gregory Jones,18,Michaelmouth
Christopher Hanson,19,Leslieland
Megan Aguilar,48,Andersonton
George Hernandez,45,Lake Sarah
Nicholas Barker,39,South Nicole
Renee Cameron,63,Port Melissa
Deborah Miller,29,Wadeton
William Brown,61,Lyonstown
Nicole Moore,45,Lake Victoriaport
Patrick Khan,32,Torresburgh
Rachel Green,38,East Karen
Kelly Hernandez,64,Matthewport
Francis Atkins,55,Port Brian
Kathryn Cochran,40,Mathewmouth
Jasmine Garcia,49,New Robert
Ronald Murphy,29,Andersonhaven
Maurice Brady,39,West Jamiemouth
Diana Shaw,22,East Ashleechester
Steven Bennett,52,Lake Ericport
Robert Robertson,50,New Thomasberg
Russell Bailey,51,Priceside
David Hernandez,43,Scottstad
Rebecca Martin,55,South Tyrone
Douglas Martin,65,Port David
Tanya Hernandez,44,Jessicamouth
Nathaniel Armstrong,62,Freemanbury
Alison Cummings,41,Lake Cynthiafort
Amy Harvey,22,Jenkinsburgh
Eric Carpenter,33,Sarahtown
Robert Cabrera,55,Emilyfort
Elizabeth Austin,42,North Reginald
Ryan Ferguson,51,New Glenshire
Kathleen Rodriguez,45,Angelicaside
Andrew Reed,38,Lake Brandonhaven
Jessica Walker,40,Johnland
Jeremy Quinn,37,Port Michael
Maxwell Mills,33,West Maria
Mr. Micheal Soto MD,26,Allisonhaven
Lisa Williams,50,New Collinburgh
Paul Johnson,34,South Kelly
Scott Moore,19,Williamview
Daniel Coleman,54,Erikmouth
John Nicholson,41,Kylemouth
Gregory Flores,61,East Michelle
Cindy Norman,30,Allenmouth
Zachary White,64,Lake Stephanie
Wayne Lambert,48,Saratown
Kenneth Wolf,64,New Justin
Brittany Sanchez,51,West Richard
Regina Martinez,61,Diazburgh
Jonathan Johnson,29,Cherylland
Rick Moyer,61,Lake Madison
Daniel Adams,21,Peckburgh
Selena Buchanan,53,North Davidhaven
Taylor Sellers,31,Lambertberg
William Holmes,21,South Dianehaven
Carl Nicholson,34,East Christopher
Justin Yu,40,Maxwellshire
James Nguyen DVM,35,Johnsonside
Leslie Patterson,62,Richardburgh
Christopher Chavez,45,Millermouth
Tracy Hamilton,37,Alexanderport
Jennifer Valencia,54,East Rebecca
Jon King,64,Amandaport
Stephen Cantu,60,New Juliechester
Reginald Li,52,Lake Jameshaven
Dr. James Gomez,48,New Kylestad
Raymond Brown,22,Goodmanview
Benjamin Larsen,35,Ritatown
Julie Moore,42,South Brenda
Marc Alexander,44,Allenport
Melinda Drake,24,Bensonside
Daniel Brown,64,North Mary
Natalie Conway,47,South Amychester
Melvin Thompson,65,Ramirezborough
Amy Sanders MD,55,Kevinport
Garrett Cochran,33,South Michaelberg
Duane Yates,54,Lake Deborah
Lisa Young,56,Lake George
Linda Jones,45,Bensonfort
Erica Madden,61,Lisaview
Jennifer Chang,43,Michellestad
Robert Roberts,55,North Christopherfort
James Moreno,27,Bullockview
Marvin Moreno,38,Christopherborough
Amanda Yoder,35,Lawrencechester
Chelsea Williams,57,Nathanbury
Matthew Weber,33,Andersonmouth
Ryan Johnson,57,Hobbsbury
Jason Burton,57,Heatherview
Blake Hays,48,Stacyshire
Richard Roberts,56,New Morganberg
Kristina Griffin,48,Ericksonshire
Sarah Wu,18,East Wayneburgh
Eric Taylor,40,South Michael
Eric Adams,26,Sharonstad
Heather Marks,33,Port Phillip
Vincent White,23,New Brentshire
Lisa Thompson,42,Jenniferville
Tracy Stuart,64,Port Daniel
Aaron Chandler,21,North Stacy
Veronica Elliott,58,Lewisfort
Albert Nguyen,38,New Samuel
William Ramos,65,Gordonberg
Rhonda Whitehead,50,Torresville
Crystal Robinson,60,South Kelseyside
Kaitlyn Parker,40,Davidport
Audrey Tucker,55,West Johnnyland
Kiara Romero,33,Patriciafort
Andrew Morales,27,North Aaron
Veronica Chang,21,Johnsonshire
Nicole Shannon,38,Port Cameronchester
Wesley Rose,21,East Rebecca
Dave Rodriguez,19,New Kimberlymouth
Randall Macias,28,East Manuelview
Cynthia Mendez,39,Ortegatown
Cory Sullivan,35,Sandershaven
Amanda Lang,46,Douglasburgh
Jennifer Harrison,20,Lake Sarahton
Christopher Nguyen,38,New Colinfort
Holly Caldwell MD,29,Callahanberg
Christopher Lyons,65,Port Sherryport
Alicia Williamson,59,Port Donnashire
Joe Guzman,39,North Carly
Carol Wall,55,Garciahaven
Mr. Cory Brown,50,Emilychester
Judy Wood,41,New Natashaland
Kathleen Foster,63,Briannaview
Elizabeth Cooper,32,Donovantown
Olivia Scott,60,Lake Tanya
Jacqueline Moore,23,South Ryanfurt
Trevor Ellis,50,West Samantha
Kelly Howell,27,Gomezbury
Andrew Hughes,42,South Emilyhaven
Rhonda French,65,East Courtneyview
Adam Bennett,49,South Charlesland
Ronnie Johnson,49,Port Earl
Susan Wilson,46,East Deborah
Elaine Woods PhD,51,Duffyberg
Jamie Roberson,57,Cruzton
Chloe Walters,30,Port Justin
Shannon Ball,24,South Kristin
Scott Gonzalez,56,Pamelafort
Ashley Russell,41,Morrisburgh
Kelly Hunt,52,South Katherine
Edward Henry,45,Stephanieshire
Joseph Morgan,38,Amandaburgh
Kevin Ibarra,23,Lake Jamieberg
Samantha Alexander,45,Phillipston
Julian Griffin,35,West Marcland
Timothy Wallace,45,Johnport
Kimberly Herrera,28,North Lisa
Michael Escobar,36,New Madeline
Katherine Ball,23,Haleyland
